,Unnamed: 0,<Close>,<High>,<Low>,<Open>,Prediction,<DTYYYYMMDD>
0,4,0.9124326109886168,0.9124326109886168,0.9124326109886168,0.9124326109886168,0.9124326109886168,2020-01-23 00:00:00+00:00
