,<Close>,<High>,<Low>,<Open>,Prediction,<DTYYYYMMDD>
4,0.9124326109886169,0.9124326109886169,0.9124326109886169,0.9124326109886169,0.9124326109886169,2020-01-23 00:00:00+00:00
